{"cameraMode":{"drawMode":0,"name":"Shaded","section":"Shading Mode"},"sceneLighting":false,"audioPlay":false,"sceneViewState":{"showFog":true,"showMaterialUpdate":false,"showSkybox":false,"showFlares":true,"showImageEffects":false,"showParticleSystems":true},"in2DMode":false,"pivot":{"x":0.6938881874084473,"y":-0.33267128467559817,"z":-0.13051605224609376},"rotation":{"x":-0.07605411857366562,"y":-0.13212040066719056,"z":0.01017735619097948,"w":-0.9882593154907227},"size":2.857883930206299,"orthographic":false}