{"cameraMode":{"drawMode":0,"name":"Shaded","section":"Shading Mode"},"sceneLighting":false,"audioPlay":false,"sceneViewState":{"showFog":true,"showMaterialUpdate":false,"showSkybox":false,"showFlares":true,"showImageEffects":true,"showParticleSystems":true},"in2DMode":false,"pivot":{"x":549.9835205078125,"y":395.1515808105469,"z":6.22613525390625},"rotation":{"x":-0.04163369908928871,"y":-0.04644705355167389,"z":-0.0019475496374070645,"w":0.9980508685112},"size":350.01788330078127,"orthographic":true}